recording_id,gpt_summary,human_summary,precision,recall,f1
9b658e90-8bcd-489b-8cad-d16bfcfc908d,"The text seems to be a conversation discussing a potential role for the speaker within a start-up company. They discuss different responsibilities, including helping to land investments, negotiating timelines with stakeholders, understanding the value of company features, and learning about the industry. The speaker expresses a need for more information on the product they could potentially be working on. There's also a discussion about dealing with a CFO's extensive questionnaire and cost-accounting within the enterprise. The speaker also mentions they could benefit from being more involved in the finance side and assist with onboarding. Other roles mentioned include representing the company to investors and clients, and engaging in activities related to PR and communication. The speaker further expresses their interest in working on the design side of the project, exploring AI, and managing technical infrastructure costs. The individual is discussing a possible involvement in a startup, expressing their interest in AI, finance, and speaking with investors. They have some previous exposure with VCs and have been involved with other startups. There's a discussion about potential tasks, including improving investor pitch decks and working on financial projections. There's mention of working with the CFO, who's new to the startup. The individual also expresses an eagerness to learn, and acknowledges this can mean needing more time to ensure they're fully understanding and performing tasks correctly. The startup is seeking its first design partners and clients, and there's mention of opportunities for the individual to help with lead generation. There's discussion about possible involvement with product design as well. The individual seems enthusiastic and willing to commit to different tasks and learning experiences within the startup. There's mention of meetings and call schedules, and the startup encourages them to take their time with the tasks and not rush. The speaker is reflecting on the decision to leave Big Tech to start their own business, emphasizing the importance of utilizing time wisely. They mention a pitch deck they are working on which includes essential numbers and planning for their business. A CFO is also involved who is preparing a comprehensive questionnaire to represent the startup to investors and can bring valuable connections in the VC world. However, the CFO lacks knowledge on some aspects of the business and tech side, which the speaker believes can be supplemented by the addressee for more effective collaboration. The speaker indicates plans to meet VCs and mentions an upcoming flight to New York. Additionally, the speaker plans on clarifying IP jurisdiction considerations and other business details in partnership with the CFO, a former chartered accountant, now successful VC based in Gurgaon who has international clients.","This meeting revolves around a detailed discussion between the founder of an AI-driven startup and a potential collaborator who is exploring different ways to contribute to the company. The startup focuses on automating project and program management through AI and is currently in its early stages, with the founder handling most technical tasks due to the interns' inexperience. The founder shares insights on the product’s functionality, its use by a small group of companies, and the ongoing efforts in fundraising and marketing.
  The potential collaborator expresses an interest in contributing to the finance and VC engagement aspects of the startup. They highlight their involvement with VCs and express a desire to learn more about AI, finance, and product management. The founder provides an overview of various areas within finance and design that need attention, such as cost management, corporate structuring, intellectual property, and server cost analysis. They discuss the importance of understanding the cost structure of AI services and how it impacts the long-term scalability and investment potential of the business.
  The founder also shares the startup’s current challenges in managing technical costs, emphasizing the need for a comprehensive analysis of server costs, machine learning models, and their implications for pricing and market competitiveness. They suggest that the collaborator could take on this project, which would involve working closely with the technical team to gather data, analyze costs, and help refine the company’s financial strategy.
  Additionally, the founder mentions that the startup is in discussions with a newly hired CFO, who could provide guidance on VC engagement and investment strategies once the collaborator gains a deeper understanding of the product and market. They propose that the collaborator could eventually play a significant role in investor relations, helping to present the company to VCs and securing funding.
  The conversation concludes with the collaborator expressing interest in the finance and VC aspects but also considering a potential role in design and product development in the future. They agree to review the documents and tasks provided by the founder and plan to reconnect after the collaborator’s upcoming trip to New York to finalize their involvement.",0.8551884889602661,0.8589124083518982,0.8570464253425598
febc3387-bb94-41d1-bed0-0abd1403da0e,"The text discusses the experiences of a person with their start-up company, including the struggles and triumphs they encountered. The person has developed a prototype product, which they launched in CMU, and have certain expectations about its future. They discuss their experiences at Google and their current role at another company, indicating that their job role might soon become obsolete. They are considering applying to the YC (Y Combinator) program, but have reservations about whether the timing and decision are right. They also hint at the need for a strong technical team to help the company grow, and their interest in bringing in investors. The person mentions numerous meetings and long working hours and expresses concern about balancing work, decision-making, and company valuation. They also share about their relationship with a co-founder, who did not live up to their expectations, leading to the decision to keep a clean cap table moving forward. The text ends with a discussion about the potential future direction of the company and its product, recognizing the competitiveness of the space they're in, but remaining optimistic about potential success. The text appears to be a long, freeform conversation about a startup's journey. Some key points include contemplating whether to get acquired, planning on enhancing product management capabilities, exploring market potential and competition, dealing with different experiences of startup management, and considerations about investment and eventual scaling. The conversation also mentions trying to map out potential acceleration in the tech world, talks about program management work, hinting at implementing AI in project management, success in tests/product trials, and upcoming major decisions for the company's growth. There is also talk of the significance of co-founders, the importance of stakeholder meetings and the high pace and inherent challenges of startup life. The conversation revolves around a potential business partnership, with discussions focused on program management, tech management, business development, and venture capital. The speaker has been connecting with potential partners and contemplating joining or applying for incubator programs like YC (Y Combinator) and Antler. They're also discussing their business model, considering whether it fits a co-founder profile or a tech advisor/manager role better. They mention they're not looking at others as competitors, but rather as surfaces. They've been working with a tech provider costing about $500 per month, on top of some accounting fees. They also discuss the challenges of sorting through noise and coordinating overheads, indicating 85% of their work involves making sense out of confusion. Lastly, they're also considering the possibilities of establishing their company in the UAE for tax benefits and other advantages. The text appears to be a disjointed conversation discussing various topics including visa status, potential investment opportunities, organizational structures, and software projects, and tools such as Artificial Intelligence. The speaker seems to be in discussion about a project they are involved in, possibly as a manager or founder, and are considering applying for YC (Y Combinator) funding. They mention their plans and approaches with potential co-founders and partners. They also touch upon their current employment and plans to quit and dedicate fully to their startup. They mention some feedback and expectations from their clients and investors. The text also discusses product features of their chat bot project, marketing strategies, equity split and recruitment of a CTO. There's also a mention of a meeting schedule and talk about regulation compliance and company structure. The speaker is discussing aspects of management, finances, market dynamics, and future planning for a business with possible AI products. Confusion over certain job roles and their weekly workload are raised, such as for AI software engineers. The speaker mentions its intention to focus on enterprise sales and deliver value within that market. They discuss the possibility of product management but acknowledge its challenges, especially for a solo founder. They also address the potential of gaining certain grants and entering applications such as for YC or Innovate UK. Despite concerns, the speaker feels quite secure with their current co-founder arrangement. They mention some tech-related tasks which are yet to be completed and the need for some initial funding. They also touch upon the corporate player's potential to make changes in society and the business world. Lastly, they note the amount of time it could take to complete certain applications based on their own experience.","The conversation is an in-depth discussion between a startup founder and a potential co-founder candidate. The founder is developing an AI-driven project management tool that automates tasks like meeting transcription, action item generation, and overall project tracking. They explain the current state of the product, which is being used by a small group of companies for customer discovery calls. The founder has been working on the product solo, with some help from interns who handle research but not production code due to their inexperience.

The founder is currently seeking a technical co-founder to join the startup and help bring the product to the next level. They discuss the challenges they've faced, including losing interns and finding a suitable co-founder who aligns with the startup's vision and is willing to commit full-time. The conversation also touches on the founder's experiences with previous candidates, including a potential co-founder who ultimately decided not to join full-time, highlighting the difficulties of finding the right partner.

The discussion then shifts to the potential co-founder’s interest and concerns about joining the startup. The candidate expresses interest in the product and its potential but is cautious about making a quick decision, especially with the upcoming YC (Y Combinator) application deadline. They are currently employed at Google and are considering the significant lifestyle and career changes that would come with joining the startup full-time.

The founder acknowledges the candidate's concerns and emphasizes the importance of making a well-considered decision, especially given the high stakes of a startup. They discuss the possibility of applying to YC together, weighing the pros and cons of making the application as a team versus the candidate taking more time to decide. The founder also outlines the potential equity structure and the urgency of securing a technical co-founder to strengthen their YC application.

As the conversation progresses, they explore different scenarios and timelines for making a decision, with the founder stressing the need to balance the urgency of the YC deadline with the importance of finding a committed and compatible co-founder. They agree to reconvene in a few days to further discuss the possibility of moving forward together, with the candidate taking time to reflect on the opportunity and do additional research.

The conversation ends with both parties acknowledging the challenges and potential of the partnership, with a plan to meet again to decide on the next steps. The founder is eager to move forward with the YC application but is also open to taking the necessary time to ensure the right fit for the co-founder role.
",0.8456165194511414,0.8467538356781006,0.8461847901344299
a7fe10ea-ef3c-40ec-a8a2-e4107c49d65f,"The text highlights discussions around a product development process and growing business concerns. It talks about the product being more focused on the first stage, with ideas for improvement and possible iterations like burn down tracking escalation. Discussions also include investor relations, with the importance of careful consultation and relationship building raised. Additional themes include budgeting, with mentions of a one to two million budget for AI development, financial needs and the cost of documents. 

The text also touches on product competitiveness and the necessity for differentiation, considering the high competition in the field. It refers to coding, deployment and database management frequently, further emphasizing AI and cloud computing. The execution and usage of a pitch deck in business development are discussed, along with raising funding. Mention is made of key customers being in the financial industry and data collection being a valuable enterprise. 

There's a proposal for a shift in the business model, embedding AI within project management. Discussions also revolve around creating a timeline for the business growth, setting milestones, and reaching out to investors to secure funding. There's talk of refining the company's pitch deck and repositioning the company's product in the market. The benefits of partnering with other organizations are mentioned. The importance of adherence to legal compliance standards, specifically HIPAA in the US, is stressed, along with the need to address administrative hurdles and delays. The text is a long and somewhat disjointed conversation regarding a startup, possibly relating to a finance or tech product. Topics discussed include investor outreach, potential fundraising goals of one to two million dollars, product development strategies like emotion detection and integrating with popular applications like Jira, and assessing market trends. There are also discussions about internal scheduling, launching a product and the need for a clear company direction. Further issues include administrative tasks, company compliance and important considerations of equity dilution in fundraising. Some parts of the conversation seem to be discussing a possible shift in product focus or strategy, mention of team members based in India and the US, and a potential need for expertise in finance. The speaker discusses the concept of creating a sense of fear of missing out (FOMO) among investors to successfully raise funds. This can be achieved not by contacting a handful of investors, but by reaching out to hundreds. A method of operation is hinted at involving interaction through a chat interface. The speaker also mentions developing a product that isn't launched yet and considers an investment goal of around $200k. The product is compared to existing technologies like Spinach.IO or Read AI, indicating it operates in a similar field. It is highlighted that current technology isn't perfect, suggesting room for improvement or innovation in their project. There is mention of constant improvement and review at various stages and comparison of functionalities.","The discussion revolves around evaluating and refining ideas for a startup, specifically focusing on positioning, market opportunities, and product development. The conversation starts with a review of the competitive landscape and feedback on the current pitch deck, emphasizing the need for clarity and simplicity in presentations. The participants brainstorm potential directions for the startup, considering areas such as AI integration, simplifying user interfaces, and exploring niche markets.

One of the key ideas discussed is the potential to create a more streamlined, chat-focused interface that allows users to request features or actions directly through chat, making the product more user-friendly compared to competitors. Another idea is integrating with messaging apps and emails, providing a broader range of capabilities.

The conversation also touches on the challenges of positioning the startup in a crowded market, with comparisons made to existing products like Read AI and Spinach IO. There's a discussion about the importance of identifying and targeting specific use cases or niches, such as AI for project management or financial operations, to differentiate the startup from competitors.

The group considers the possibility of pivoting or expanding into new markets, like back-office automation for financial services, but recognizes the need for domain expertise or additional co-founders with relevant experience.

Towards the end, the participants agree on the need to finalize the product's positioning and start investor outreach within a specific timeframe. They discuss the importance of having a clear, concise pitch deck and a well-defined product strategy to attract investors. There's also an acknowledgment that any major decisions, such as joining as a co-founder or committing to a particular product direction, need to be made with careful consideration of the associated risks and timelines. 

The discussion concludes with a plan to reconvene and continue refining the product and pitch deck, while also addressing any outstanding technical challenges. The group recognizes the importance of alignment and commitment, especially when considering applying to accelerators like Y Combinator.
",0.8490166664123535,0.8629769086837769,0.8559398651123047
aa3c8df4-a868-4785-ac4e-6681cff60a21,"The speaker discusses their experiences in business, highlighting the struggles of managing transaction fees and salaries. They acknowledge the varied intricacies of project management and the importance of understanding client needs. They mention issues of international business, referring to challenges in Japan and the importance of financial institutions in the US. They touch on how technology has evolved in the business world, such as meeting transcription tools and AI. They reflect on their time at Google, suggesting they've learned to solve complex problems. They also mention working on various projects, including software development, telecommunication services and business administrative roles, through different approaches. They briefly discuss the importance of having certifications and express their desire to find clients willing to pay for their services. They conclude by recognizing the challenges of being a solo founder in AI companies and their success in downsizing a large team by redeploying them, increasing efficiency. The text discusses a meeting related to a company called Nowbrex, which tracks meeting proceedings and overviews. Their product solution pre-populates an agenda and then monitors the progress and outcomes of the meeting. They are aiming to create a holistic view of all the meetings occurring in an organization. This technology seems to involve real-time or near real-time speech-to-text conversion and detailed transcription services. There is mention of recurring challenges such as acquiring funding and the need to maintain product quality. The meeting also includes discussions on small and large business strategies, models, and relevant operations, for example, mention of transitioning from Minimum Viable Product (MVP) to Minimum Marketable Product (MMB). Other ideas discussed include the adoption of Google Meet APIs, sales methodologies, and the platform's integration capacity with tools like Asana and Jira. There are also some personal anecdotes and reflections on work-life balance. The text appears to be a stream of consciousness, touching on different aspects of product management, tech industry, investing, product development, and AI services. The person talks about the competitive nature of AI space, the process of pitching to investors, and the importance of understanding customer needs. They also mention the value of a good product manager and the energy it takes to build a business product. The text discusses the idea of converting transcribed data from AI services into a structured format for a cost. They note the potential in project management software development and the importance of collaboration within a team, especially in an enterprise context. Reference is also made to models, architecture design, and training in tech system. They point out the financial challenges of building a product and seeking investors' support, and the cost of cloud services. Mention is made about specific companies as examples of success stories. Towards the end, the individual states they might have been a bit early in seeking investors and perhaps not yet ready for the product-launch phase. The text seems to come from someone who has extensive knowledge in tech and product development, dealing with the ins and outs of setting up a tech-based business. The speaker discusses various issues related to AI technology, business models, and acquiring clients for a startup. They discuss understanding potential customers' language and maintaining high customer relations while managing language nuances. They mention the criticality of acquiring customers for businesses to build trust and validate their offerings, discussing different models and identifying superior ones. They also emphasize the challenge of ensuring their AI-based offerings make sense and offer value at a lower price point by providing automation across organizations.

The speaker also acknowledges challenges such as risk management, market capture, data privacy, and aligning with ISO 27000 certification standards. They consider offering a share of the revenue and express doubt about one company capturing the entire market. Additionally, they discuss the potential of AI and the product value it can unlock.

Discussing the issues of startup funding, they share their disagreement with entrusting full-time pitching to investors. They also contemplate scenarios of outsourcing to vendors and tackling different languages using AI technology. They highlight the need for project managers in facilitating meetings and retrieving necessary information.

In the context of education, the speaker suggests bringing downsizing costs in A-level education by fivefold. Lastly, they reflect on their experiences with learning and working in London and their aspiration to travel to Japan. They conclude by reflecting on the importance of demonstrating revenue and attracting investments in business. The text relates the speaker's views and experiences in product development and market positioning. They discuss the importance of finding product-market fit, likening it to being in love. They talk about their software engineering and project management market, which they believe has huge potential. They mention their strength in machine learning tasks that handle rich data, indicating an ongoing project within a large-scale market. The conversation touches on various commitments and interactions with other entities, like the managing director of Micromax, OpenAI, and AI Councilor of Abu Dhabi, suggesting numerous collaborations and negotiations. They hint at the development and potential of their product, emphasizing its substantiality, and mentioning their work on pipelines to ingest data, reflecting on the extensive process towards actualizing their product for the larger market. The author discusses a variety of topics, mainly relating to their ongoing projects, personal attributes, and plans for the future. They speak about their contribution towards bringing a product to the point of majority and their focus on a particular niche. They tell about the discussions they've had in the entrepreneur realm and talk about their work on Zoom's developer forums. Further, they're planning to get good at mood detection and are interested in private equity work. Additionally, they think it's possible to train a project manager in three to six months and are contemplating the practical applications of artificial intelligence in different industries. They are also aiming to serve a specific group of users and believes it may take up to a year to develop a solid product. They also discuss the scenario where machines shrink in their financial back office, the challenges of conducting business, and much more. They also point out that attaining customers isn't the hardest part, but expanding the enterprise is the more reverberating task. The author ends by expressing their intention in bringing their product to life while noting that several issues still need to be addressed.","The conversation between Siddharth and the other participant spans a broad spectrum of topics, primarily focused on the challenges and intricacies of launching and scaling a tech startup in today’s competitive market. Siddharth shares his vision for a high-context, AI-powered project management tool designed to automate and enhance various aspects of project management. He explains how the product is intended to assist program managers by tracking meeting agendas, summarizing key points, and integrating with tools like Jira and Notion to provide a holistic view of project status. The tool's potential to replace some traditional roles within organizations is also discussed, though Siddharth is clear that the product is still in its early stages and requires significant resources to develop fully.
A significant portion of the conversation centers on the difficulty of securing investment. Siddharth expresses frustration with the current state of the venture capital industry, where investors often seek traction before providing funding, leaving early-stage startups in a catch-22 situation. He reflects on the delicate balance between continuing product development and the necessity of pitching to investors, recognizing that both are essential yet time-consuming. The discussion also touches on the competitive landscape, where many startups are vying for attention in the AI space, making it challenging to stand out.
Siddharth delves into alternative avenues he's considered, including automating financial operations within large institutions and exploring the use of AI in stock trading through reinforcement learning. He recounts an experiment where an AI agent showed sporadic success in trading but ultimately highlighted the risks and unpredictability of such ventures. This leads to a broader discussion on the limitations and challenges of AI, particularly the black-box nature of deep learning models, where even the best researchers cannot always explain why a model performs the way it does.
The conversation transitions into personal anecdotes, where Siddharth shares his journey from a rigorous academic environment in Singapore to his professional experiences at Google. He describes his work automating processes within Google Maps, where he successfully reduced the workload of large operations teams by developing AI-driven solutions. This experience gave him insight into the potential of AI to automate complex tasks, though he also recognizes the limitations and resource requirements of such endeavors.
Siddharth’s reflections extend to his personal life, recounting his time in Singapore where he was exposed to a highly competitive and physically demanding academic environment. He shares how his mother’s decision to pull him out of the scholarship program at Raffles Institution in Singapore significantly altered his path, leading him to rebel and eventually find his way into university with a different mindset. This experience, while challenging, contributed to his growth and shaped his approach to life and work.
As the conversation winds down, there is a mutual acknowledgment of the value of these exchanges, with both parties expressing interest in staying in touch and continuing to share ideas. Siddharth mentions potential plans to visit Delhi and the Bay Area, highlighting the possibility of future in-person meetings. The discussion closes on a note of camaraderie and optimism, with a shared understanding of the challenges ahead and a commitment to supporting each other in their respective journeys.
",0.8474369645118713,0.8409925699234009,0.84420245885849
dbfe2a55-0a46-4536-8fbe-14fe4f5e6777,"The text appears to be a fragmented conversation about a project, planning further steps, discussing candidates for a position, and assessing the potential to raise funding from investors. The team talks about a planned move to California and Austin, sharing responsibilities, an issue with someone named Michael and a meeting with Daniel. They discuss an experiment to be conducted and the possible fluctuations in results. One member of the team is an engineer facing internet connectivity issues. They discuss gathering statistics and working on a core product. They contemplate their efficiency and capabilities in relation to their work and how improvement might be achieved. Discussion also extends to an individual's plans to travel to the U.S., potentially impacting project timelines. The team also ponders technical issues like using Docker for deployment and potential risks involved with certain candidates. They touch on management experience, AI experiments and strategies. Also, the team discusses involvement with YC (Y Combinator), suggesting it is not a guarantee for success, highlighting the importance of the team above the investment. The new approach being followed involves transforming the process into an assignment for all the selected candidates.","The team meeting focused on several key areas related to recruitment, product development, and overall strategy for the startup. The discussion began with a review of the current applicant pool for a CTO position, emphasizing the need to finalize decisions by mid-April. The team expressed concerns about candidates with too much experience potentially being overqualified for a startup environment and highlighted the importance of having a strong team in place before seeking significant funding, as investors often prioritize the strength of the team over the product itself.
Attention then shifted to the development process, where the team discussed the estimation of time required for various tasks and the refinement of performance metrics. They addressed technical challenges, such as Docker dependencies and deployment on Google Cloud, exploring alternative solutions like NodeJS deployment to ensure a smoother development process. The conversation also touched on the importance of balancing technical expertise and management experience in candidates, with the team reviewing specific applicants and debating their suitability based on their resumes and experience.
Throughout the meeting, there were some technical difficulties with internet connections, causing disruptions, but the team managed to communicate their availability and workload for the upcoming weeks. One member mentioned a temporary reduction in availability due to coursework and travel to the United States, which led to logistical planning and coordination for potential in-person meetings.
Overall, the meeting reflected the dynamic nature of a startup environment, where the team juggles recruitment, product development, and strategic planning, all while managing personal schedules and overcoming technical challenges.
",0.8657781481742859,0.8574682474136353,0.8616032004356384
5a9b192a-cd2f-433c-8ad0-ba50ccb6346a,"The speaker proposes a tech tool utilizing AI for managing meetings and related tasks. The tool has abilities such as creating meeting notes and setting up transcripts. The aim is to ease the administrative workload associated with managing multiple meetings and tasks. The speaker also highlights the potential of deploying this technology in India where there is incredible talent. Regardless of possible competition from larger enterprises, the speaker believes their product has distinct offerings, such as sensitive to privacy and ability to be configured for individual businesses. Obstacles include limited time for development due to also being a solo founder and the expenses associated with implementing robust security measures. Despite these, the speaker considers the tool a worthy business-to-business (B2B) investment due to its cost-efficiency and the potential for sizable returns in enterprise markets. The text discusses a business idea involving a technical product. The speaker expresses concerns about the business model and the challenge of establishing the necessary infrastructure. However, they believe they have a strong product and potential in the Indian market, despite being the only full-time employee. The product integrates with Google Meets, but can also be optimized to support Zoom, Slack and MS Teams. It experiences a challenge in being ISO 27001 compliant which it needs to work with major clients. The speaker still believes in the product's potential as a great pitch for Project Line Managers (PLMs) and is considering collaborations with existing established players. The speaker concludes by expressing interest in further discussions about potential industry strategies with senior figures in the sector. They also admit that while going solo was challenging, the experience was rewarding and offered valuable insights.","The meeting focused on discussing the potential of a new AI-driven transcription and note-taking product, with Aditya, the solo founder, providing a detailed overview of its architecture, market positioning, and technical capabilities. He emphasized that the product is not just a transcription tool but a sophisticated solution that integrates with various APIs and tools, offering real-time data management and insights for businesses. Aditya also highlighted the challenges of compliance and deployment, particularly the need for on-prem solutions for medium to large enterprises due to security concerns.
The conversation included feedback from industry veterans who advised Aditya to consider partnering with established players rather than pursuing a B2C model, given the competitive landscape and the complexity of scaling the product. They suggested targeting program line managers and CIOs who could see the value in the product for enterprise use. The discussion also touched on the challenges of being a solo founder, including resource constraints and the need to build a team capable of supporting the product's growth.
Towards the end, there was a positive response to Aditya's pitch, with the participants expressing interest in a follow-up meeting involving additional stakeholders. They acknowledged the potential of the product and Aditya's capabilities, suggesting a more detailed strategy discussion in the future. The meeting concluded with plans for a personal meeting in Delhi once other key individuals return from their travels.
",0.8567200899124146,0.8624590039253235,0.8595799207687378
0841b18e-fd73-4c67-8947-04ec1bb3f5d1,"The speaker is discussing the current financial situation of an early-stage startup. The company is dealing with financial strain with a burn rate of around 6700 and seeking investment. The speaker is contemplating an investment of $5,000 to $10,000, but is concerned about liquidity. They have had discussions with Dr. Rishabh about an arrangement, potentially offering up to 4% materializing on investment. The speaker is also working on finalizing details before approaching other possible investors. The company has an intern team, working for experience rather than payment. The speaker also mentions maintaining a good relationship with clients and investors, aiming to close the gap between the company and its customers. They reveal potential introductions to other organizations and suggest that the company hasn't conducted any fundraising yet. Lastly, they are awaiting a response to their proposed investment deal and hope the startup will succeed even under the current conditions.","In this discussion, the focus was on negotiating a potential partnership and investment for the AI-driven product, Sachiv. Aditya, the solo founder, explained the financial constraints of the early-stage startup, including a limited budget and a high burn rate, which currently stands at around $6,700 per month. Aditya emphasized the importance of maintaining a full-time focus on the product to ensure its success and expressed concerns about splitting his time between other jobs if he were to invest his remaining funds.
Mr. Majid, who is interested in the AI sector and sees potential for Sachiv in Abu Dhabi, mentioned the importance of finalizing terms before introducing the product to organizations. He acknowledged the growing interest in AI in the region and suggested that the partnership could be beneficial. However, he also stressed the need for a clear agreement to ensure that both parties are fully committed to the product's success.
The conversation ended with Mr. Majid agreeing to analyze the situation and return with his thoughts and a potential offer. Aditya expressed his appreciation for the opportunity and reiterated his commitment to making Sachiv a reality.
",0.8630603551864624,0.8579946756362915,0.8605200052261353
bad92662-7853-413b-8238-3c0cdcb80553,"The text appears to be a conversation discussing various aspects related to a development project. They have discussed adding new members, Derek and Poonam, to the development team. Concepts like Webhooks in Google Cloud and refreshing tokens were discussed, with some challenges related to updating the recall calendar and maintaining authentication highlighted. They also mentioned wanting to monitor their competitor, Read AI, and examining their feature-rich software for potential ideas. The discussion revolves around their plans to improve the project and the steps needed to achieve this, like assigning projects and creating a release process. They also discussed possible times to meet in real time, mentioning a potential trip to the US. Another aspect mentioned is an interest in VC events, potentially to seek further investment or network with industry professionals. The text discusses the team's plan to save data in Cast, potentially moving away from Firestore. There is mention of creating a call flow diagram and issues with access tokens and refreshing. The team is working with different cloud functions and there is mention of a calendar and product updates that need to be made. They discuss UI templates for meeting history linked to Firestore and a potential issue with running a function to update calendars. There is also discussion around how the platform could be adapted for user simplicity, drawing comparison to the success of platforms like TikTok. Authentication issues on Google Cloud or AWS are addressed. Alternatives to cloud functions were discussed, like using another endpoint. The possibility of taking a more relationship building approach with VCs rather than requesting funding directly was also mentioned. The conversation concludes with mention of a proposed app and potential project timings.","During the meeting, the team delved into a variety of technical, strategic, and operational updates related to the ongoing development and deployment of their AI-driven project. The conversation started with a detailed discussion about the challenges encountered while attempting to create a webhook in Google Cloud to receive calendar updates. The primary issue revolved around authentication problems, as the webhook required proper authorization to function correctly. Several potential solutions were considered, such as using alternative endpoints on App Engine or Cloud Run, and exploring the possibility of configuring permissions to allow unauthenticated access where appropriate. The team acknowledged the complexities involved in maintaining secure yet functional integrations, emphasizing the need to balance ease of use with security concerns.

As the discussion progressed, the team shared updates on other aspects of the project, including the resolution of issues with the meeting bot, which had previously been leaving meetings randomly. They also reviewed the progress made in developing UI templates for displaying meeting history, which are now linked to Firestore. The team explored the idea of transitioning from Firestore to a vector database for storing transcripts and other data, considering the advantages of more advanced data handling capabilities. This led to a broader conversation about the overall architecture and the best practices for managing data migration, ensuring that the system remains robust and scalable as new features are introduced.

Pooneh, one of the team members, provided insights into his first week on the project, sharing his observations on the importance of maintaining a clean codebase, especially as the project moves closer to a potential launch. He discussed the strategy of rapidly developing and testing small features to determine their effectiveness, which would allow the team to iterate quickly and focus on what works best. This approach aligns with the broader goal of creating a polished, user-friendly product that stands out in a competitive market.

The conversation then shifted to strategic considerations, particularly in relation to networking with venture capitalists (VCs) and the importance of building genuine, long-term relationships rather than just seeking immediate funding. Pooneh highlighted the effectiveness of attending in-person events and meetings, where the opportunity to engage directly with potential investors can lead to more meaningful connections. The team discussed upcoming travel plans and the possibility of attending VC events together, recognizing the value of presenting their project in a personal, impactful way.

Additionally, the team reflected on the significance of understanding the competitive landscape, specifically mentioning the app ""Read"" as a case study of a feature-rich product in their market space. They agreed on the importance of being aware of what competitors offer while also identifying unique features that could differentiate their own product. This strategic awareness would help the team refine their approach, ensuring they are not only competitive but also innovative in their offerings.

Finally, the team expressed enthusiasm about bringing new members on board, particularly Derek, who would soon be integrated into the team. They discussed the best ways to onboard him, such as providing a concise project overview and setting clear initial tasks to get him up to speed quickly. The meeting concluded with a reaffirmation of the team's commitment to the project, a shared excitement about the progress being made, and a collective focus on the next steps required to bring their vision to fruition.
",0.863017737865448,0.842183530330658,0.8524733781814575
f9c5e4d7-e4e8-411f-9b42-404c6960f006,"The text discusses a vision to integrate an AI assistant with financial APIs to expedite processes. Future planning includes using AI models and collaborating with the likes of Google Meet and OneDrive to automate tasks and improve productivity. There is an emphasis on adopting automation and maximizing the power of RPA bots and AI agents to perform specific tasks and processes to save time and improve efficiency, such as attending meetings, compiling and analyzing data, managing projects and tasks, initiating follow-ups, and more. The aim seems to be in using this technology to replace tasks traditionally done by project or program managers. Development is underway and plans continue to expand the capabilities of these automated systems. The text also mentions the potential to integrate with various software like Microsoft Teams, Zoom, MS Teams, etc. They plan to outsource parts of the development process to agencies in India and Romania as well.
 The text discusses the development of an MVP (Minimum Viable Product) which appears to be a bot capable of participating in and summarizing meetings. The bot will have functions such as tracking attendees, call durations and being able to relay notes from past meetings via an integrated dashboard interface. The speaker mentions its ability to integrate with MS Teams or Google Meets, although it may initially make mistakes due to the AI and machine learning components. This project seems to be part of a larger effort to introduce AI agents into various roles within the industry. There is also a note on requiring machine learning expertise and the fact that it might take around two to three weeks to build the integration. The speaker also mentions fundraising to afford agency fees to continue their work. Future plans include a B2C application development, though this has a roadmap of at least three months.","The meeting began with the team addressing several key topics and challenges related to their ongoing project. Rajesh initiated the discussion by asking for updates on their progress, specifically mentioning the need for clarity on the technical roadmap and the team's capabilities. The conversation quickly turned to the recruitment process, where the team highlighted the overwhelming response they received after posting a role, resulting in a difficult selection process due to the high caliber of candidates. Rajesh expressed satisfaction with the problem, noting that it’s a good challenge to have.

The team then provided an update on their current progress, emphasizing that while their product can join Google Meets and generate structured JSON objects, it has yet to be connected to any APIs, which would take an estimated two to three weeks to accomplish. They also discussed the need to ensure that any new integrations, such as with Jira, are robust to avoid issues like task duplication and quality management problems, which would negatively impact user experience.

Rishit, a member of the tech team, shared insights on the current state of the technology, reassuring Rajesh that while integrating with tools like Jira or other project management systems would only take a few days, the team is focused on enhancing the overall user experience by adding checks and balances within the MVP roadmap. These features are aimed at verifying actions and providing a more reliable user experience, which would help ensure that the product delivers consistent value.

Rajesh then outlined his vision for the future, discussing his broader strategy of deploying AI agents across various industries, including banking and finance. He emphasized the potential of AI to revolutionize project management by initially serving as assistants to human managers and eventually taking on full project management roles. Rajesh was particularly interested in integrating the team's agent into his existing ecosystem, noting that the ability to follow up on tasks, send reminders, and automate routine management tasks would be a game-changer.

The discussion then shifted towards the technical specifics of the product. Rajesh described a rudimentary RPA process his team had built, which automates meeting scheduling, attendance tracking, and summarization through a combination of tools like Twilio and UiPath. While acknowledging that these processes are not yet fully productized, Rajesh expressed confidence that with the team's help, they could be refined and expanded.

The team responded by acknowledging the potential of integrating their agent with the existing systems Rajesh described. They agreed that while the initial focus would be on project management tasks, the architecture could be expanded to include more complex workflows in the future. The team also noted that deploying the product on-premises for Rajesh’s organization would be more straightforward, allowing for immediate testing and customization.

Rajesh emphasized the importance of building a well-trained project manager agent, noting that it would be a key differentiator in the market. He also mentioned the possibility of utilizing the team’s design resources to help create a dashboard for the product, which would control various aspects of the agent’s functionality, such as meeting participation and action item tracking.

The conversation concluded with a summary of the next steps. Rajesh and the team agreed to share the necessary resources, including access to calendars and OneDrive, to begin integrating the agent into Rajesh’s ecosystem. They also planned a follow-up meeting to discuss the design of the dashboard and other technical requirements.

After the meeting with Rajesh, the team regrouped internally. The focus was on the importance of delivering the calendar sync feature, which had become a critical component of their roadmap. The team acknowledged the challenges they faced, especially with the ongoing open-source deployment efforts, and emphasized the need to maintain momentum in order to meet their goals. The meeting ended with a clear sense of urgency and a commitment to pushing forward with the development work, recognizing the importance of these foundational elements to their overall success.
",0.8530601263046265,0.8383911848068237,0.8456620573997498
f0327d39-77f4-476a-a854-8db2b5969f6d,"The discussion involved a group working on an unnamed project. They discussed issues related to APIs, context management, and workload balancing. It was suggested that access to Asana was needed and the use of a character API mentioned. Certain ""boxes"" were referenced, possibly indicating a user interface, and potential difficulties with simulating calls from a single server were acknowledged. Issues of authentication were also mentioned. Topics also covered were task notifications, handling of meeting summaries, the importance of contextual information from calendars, and preparing for meetings. Other discussions involved the usage of AI, potential cooperation with China, the accuracy of the Lama 7tb, and video recording amendments in the project. The importance of context, possible integration with past meetings, and a design flaw requiring a full redesign were also examined. In addition, enlisting additional assistance, potential for a notarization contract, management of a to-do list, and communication issues were broached. Recommendations to simplify and improve their code, as well as increase the productivity of meetings, were given. Other points discussed included: coordinating with a US automation company, shifting responsibilities within the team, querying data retrieval, finalizing corporate structures, managing live meeting video time, dealing with artifacts, addressing system transaction errors, managing client/server relationships, maintaining context on client-side apps, and optimizing cost-efficiency. At the end, they covered finding improvements via training data, keeping user expectations in check, safe recording practices, standardizing data governance for protection, and potential future improvements, foreseeing how evolving project needs will invariably lead to different functionalities in the program. The group appears to be discussing a technical project involving solving fun problems, handling context windows, managing a bottleneck, understanding article lengths, coding, server setup, client-side details, potential test setups and discussions on team growth. They discuss details about a product, aspects of an API, considerations for security and encryption, and understanding customer and business needs. They're also considering venture capital, investor timelines, customer depth, and other business model considerations. There's a focus on data management, task handling, labeling tasks, and potential for further growth and application. Issues with OpenAI not offering webhooks and the challenges of information pulling and response times are mentioned as well. Concerns about possible spam and unauthenticated access are shared, highlighting the importance of security in their work. There's a focus on server management, and a tool called Neuron is mentioned frequently. The language suggests coding and product development work, with references to specific methods, language and toolkits and server instances.","The team meeting began with a few technical issues as Rishabh and others attempted to establish a stable connection. Once the call was stable, they dove into discussions regarding the NVIDIA startup program. The program was recognized as a standard offering, and the team debated the specifics of their application, particularly the need to establish the Dubai entity to align their corporate structure before fully committing to the program. The conversation highlighted the complexity of managing the dual roles of CEO and CTO, emphasizing the need to bring in additional support to handle these responsibilities effectively.

The discussion then shifted to the technical challenges and current progress on their platform. The team noticed that some expected outputs from OpenAI were not being received as anticipated, which prompted a review of their setup. There was a focus on improving the AI layer to ensure it works more reliably, particularly in processing meeting tasks and summarizations. The team acknowledged the importance of encrypting data, especially given the varying levels of sensitivity in different meetings, and discussed the need for a mechanism to mark meetings as safe or not safe for training purposes.

They also touched on the logistics of setting up cloud infrastructure, with Rishabh sharing insights on the different AWS instance types they were using. The team debated the benefits of using more powerful instances like the Inf2.24xlarge for larger models like Llama 70B, balancing the need for accuracy with the associated costs.

As the meeting progressed, the team explored the intricacies of context management within their AI system. They acknowledged that while their current context management was rudimentary, it was a crucial area that would evolve significantly as their product developed. They discussed the challenges of handling context in real-time meetings and the need to refine their methods for managing data, especially as the system grows more complex.

Towards the end of the meeting, the team reviewed the pull requests, focusing on improving the handling of environment variables and ensuring the logic for determining server URLs was robust across different environments. They planned a demo to showcase their progress but recognized the need for further refinement to ensure the demo accurately reflected the product's capabilities.

The meeting concluded with an emphasis on setting up a secure API, managing authentication, and preparing for future customer interactions. The team acknowledged the significant workload ahead but remained focused on building a solid foundation for their product's launch. They agreed to continue refining their approach, ensuring that their technology was ready to support the growing demands of their project.
",0.8406892418861389,0.8378850817680359,0.8392847776412964
,,,0.8539584338665008,0.8506017446517944,0.8522496879100799
