recording_id,Summary
9b658e90-8bcd-489b-8cad-d16bfcfc908d,"This meeting revolves around a detailed discussion between the founder of an AI-driven startup and a potential collaborator who is exploring different ways to contribute to the company. The startup focuses on automating project and program management through AI and is currently in its early stages, with the founder handling most technical tasks due to the interns' inexperience. The founder shares insights on the product’s functionality, its use by a small group of companies, and the ongoing efforts in fundraising and marketing.
  The potential collaborator expresses an interest in contributing to the finance and VC engagement aspects of the startup. They highlight their involvement with VCs and express a desire to learn more about AI, finance, and product management. The founder provides an overview of various areas within finance and design that need attention, such as cost management, corporate structuring, intellectual property, and server cost analysis. They discuss the importance of understanding the cost structure of AI services and how it impacts the long-term scalability and investment potential of the business.
  The founder also shares the startup’s current challenges in managing technical costs, emphasizing the need for a comprehensive analysis of server costs, machine learning models, and their implications for pricing and market competitiveness. They suggest that the collaborator could take on this project, which would involve working closely with the technical team to gather data, analyze costs, and help refine the company’s financial strategy.
  Additionally, the founder mentions that the startup is in discussions with a newly hired CFO, who could provide guidance on VC engagement and investment strategies once the collaborator gains a deeper understanding of the product and market. They propose that the collaborator could eventually play a significant role in investor relations, helping to present the company to VCs and securing funding.
  The conversation concludes with the collaborator expressing interest in the finance and VC aspects but also considering a potential role in design and product development in the future. They agree to review the documents and tasks provided by the founder and plan to reconnect after the collaborator’s upcoming trip to New York to finalize their involvement."
febc3387-bb94-41d1-bed0-0abd1403da0e,"The conversation is an in-depth discussion between a startup founder and a potential co-founder candidate. The founder is developing an AI-driven project management tool that automates tasks like meeting transcription, action item generation, and overall project tracking. They explain the current state of the product, which is being used by a small group of companies for customer discovery calls. The founder has been working on the product solo, with some help from interns who handle research but not production code due to their inexperience.

The founder is currently seeking a technical co-founder to join the startup and help bring the product to the next level. They discuss the challenges they've faced, including losing interns and finding a suitable co-founder who aligns with the startup's vision and is willing to commit full-time. The conversation also touches on the founder's experiences with previous candidates, including a potential co-founder who ultimately decided not to join full-time, highlighting the difficulties of finding the right partner.

The discussion then shifts to the potential co-founder’s interest and concerns about joining the startup. The candidate expresses interest in the product and its potential but is cautious about making a quick decision, especially with the upcoming YC (Y Combinator) application deadline. They are currently employed at Google and are considering the significant lifestyle and career changes that would come with joining the startup full-time.

The founder acknowledges the candidate's concerns and emphasizes the importance of making a well-considered decision, especially given the high stakes of a startup. They discuss the possibility of applying to YC together, weighing the pros and cons of making the application as a team versus the candidate taking more time to decide. The founder also outlines the potential equity structure and the urgency of securing a technical co-founder to strengthen their YC application.

As the conversation progresses, they explore different scenarios and timelines for making a decision, with the founder stressing the need to balance the urgency of the YC deadline with the importance of finding a committed and compatible co-founder. They agree to reconvene in a few days to further discuss the possibility of moving forward together, with the candidate taking time to reflect on the opportunity and do additional research.

The conversation ends with both parties acknowledging the challenges and potential of the partnership, with a plan to meet again to decide on the next steps. The founder is eager to move forward with the YC application but is also open to taking the necessary time to ensure the right fit for the co-founder role.
"
a7fe10ea-ef3c-40ec-a8a2-e4107c49d65f,"The discussion revolves around evaluating and refining ideas for a startup, specifically focusing on positioning, market opportunities, and product development. The conversation starts with a review of the competitive landscape and feedback on the current pitch deck, emphasizing the need for clarity and simplicity in presentations. The participants brainstorm potential directions for the startup, considering areas such as AI integration, simplifying user interfaces, and exploring niche markets.

One of the key ideas discussed is the potential to create a more streamlined, chat-focused interface that allows users to request features or actions directly through chat, making the product more user-friendly compared to competitors. Another idea is integrating with messaging apps and emails, providing a broader range of capabilities.

The conversation also touches on the challenges of positioning the startup in a crowded market, with comparisons made to existing products like Read AI and Spinach IO. There's a discussion about the importance of identifying and targeting specific use cases or niches, such as AI for project management or financial operations, to differentiate the startup from competitors.

The group considers the possibility of pivoting or expanding into new markets, like back-office automation for financial services, but recognizes the need for domain expertise or additional co-founders with relevant experience.

Towards the end, the participants agree on the need to finalize the product's positioning and start investor outreach within a specific timeframe. They discuss the importance of having a clear, concise pitch deck and a well-defined product strategy to attract investors. There's also an acknowledgment that any major decisions, such as joining as a co-founder or committing to a particular product direction, need to be made with careful consideration of the associated risks and timelines. 

The discussion concludes with a plan to reconvene and continue refining the product and pitch deck, while also addressing any outstanding technical challenges. The group recognizes the importance of alignment and commitment, especially when considering applying to accelerators like Y Combinator.
"
aa3c8df4-a868-4785-ac4e-6681cff60a21,"The conversation between Siddharth and the other participant spans a broad spectrum of topics, primarily focused on the challenges and intricacies of launching and scaling a tech startup in today’s competitive market. Siddharth shares his vision for a high-context, AI-powered project management tool designed to automate and enhance various aspects of project management. He explains how the product is intended to assist program managers by tracking meeting agendas, summarizing key points, and integrating with tools like Jira and Notion to provide a holistic view of project status. The tool's potential to replace some traditional roles within organizations is also discussed, though Siddharth is clear that the product is still in its early stages and requires significant resources to develop fully.
A significant portion of the conversation centers on the difficulty of securing investment. Siddharth expresses frustration with the current state of the venture capital industry, where investors often seek traction before providing funding, leaving early-stage startups in a catch-22 situation. He reflects on the delicate balance between continuing product development and the necessity of pitching to investors, recognizing that both are essential yet time-consuming. The discussion also touches on the competitive landscape, where many startups are vying for attention in the AI space, making it challenging to stand out.
Siddharth delves into alternative avenues he's considered, including automating financial operations within large institutions and exploring the use of AI in stock trading through reinforcement learning. He recounts an experiment where an AI agent showed sporadic success in trading but ultimately highlighted the risks and unpredictability of such ventures. This leads to a broader discussion on the limitations and challenges of AI, particularly the black-box nature of deep learning models, where even the best researchers cannot always explain why a model performs the way it does.
The conversation transitions into personal anecdotes, where Siddharth shares his journey from a rigorous academic environment in Singapore to his professional experiences at Google. He describes his work automating processes within Google Maps, where he successfully reduced the workload of large operations teams by developing AI-driven solutions. This experience gave him insight into the potential of AI to automate complex tasks, though he also recognizes the limitations and resource requirements of such endeavors.
Siddharth’s reflections extend to his personal life, recounting his time in Singapore where he was exposed to a highly competitive and physically demanding academic environment. He shares how his mother’s decision to pull him out of the scholarship program at Raffles Institution in Singapore significantly altered his path, leading him to rebel and eventually find his way into university with a different mindset. This experience, while challenging, contributed to his growth and shaped his approach to life and work.
As the conversation winds down, there is a mutual acknowledgment of the value of these exchanges, with both parties expressing interest in staying in touch and continuing to share ideas. Siddharth mentions potential plans to visit Delhi and the Bay Area, highlighting the possibility of future in-person meetings. The discussion closes on a note of camaraderie and optimism, with a shared understanding of the challenges ahead and a commitment to supporting each other in their respective journeys.
"
dbfe2a55-0a46-4536-8fbe-14fe4f5e6777,"The team meeting focused on several key areas related to recruitment, product development, and overall strategy for the startup. The discussion began with a review of the current applicant pool for a CTO position, emphasizing the need to finalize decisions by mid-April. The team expressed concerns about candidates with too much experience potentially being overqualified for a startup environment and highlighted the importance of having a strong team in place before seeking significant funding, as investors often prioritize the strength of the team over the product itself.
Attention then shifted to the development process, where the team discussed the estimation of time required for various tasks and the refinement of performance metrics. They addressed technical challenges, such as Docker dependencies and deployment on Google Cloud, exploring alternative solutions like NodeJS deployment to ensure a smoother development process. The conversation also touched on the importance of balancing technical expertise and management experience in candidates, with the team reviewing specific applicants and debating their suitability based on their resumes and experience.
Throughout the meeting, there were some technical difficulties with internet connections, causing disruptions, but the team managed to communicate their availability and workload for the upcoming weeks. One member mentioned a temporary reduction in availability due to coursework and travel to the United States, which led to logistical planning and coordination for potential in-person meetings.
Overall, the meeting reflected the dynamic nature of a startup environment, where the team juggles recruitment, product development, and strategic planning, all while managing personal schedules and overcoming technical challenges.
"
5a9b192a-cd2f-433c-8ad0-ba50ccb6346a,"The meeting focused on discussing the potential of a new AI-driven transcription and note-taking product, with Aditya, the solo founder, providing a detailed overview of its architecture, market positioning, and technical capabilities. He emphasized that the product is not just a transcription tool but a sophisticated solution that integrates with various APIs and tools, offering real-time data management and insights for businesses. Aditya also highlighted the challenges of compliance and deployment, particularly the need for on-prem solutions for medium to large enterprises due to security concerns.
The conversation included feedback from industry veterans who advised Aditya to consider partnering with established players rather than pursuing a B2C model, given the competitive landscape and the complexity of scaling the product. They suggested targeting program line managers and CIOs who could see the value in the product for enterprise use. The discussion also touched on the challenges of being a solo founder, including resource constraints and the need to build a team capable of supporting the product's growth.
Towards the end, there was a positive response to Aditya's pitch, with the participants expressing interest in a follow-up meeting involving additional stakeholders. They acknowledged the potential of the product and Aditya's capabilities, suggesting a more detailed strategy discussion in the future. The meeting concluded with plans for a personal meeting in Delhi once other key individuals return from their travels.
"
0841b18e-fd73-4c67-8947-04ec1bb3f5d1,"In this discussion, the focus was on negotiating a potential partnership and investment for the AI-driven product, Sachiv. Aditya, the solo founder, explained the financial constraints of the early-stage startup, including a limited budget and a high burn rate, which currently stands at around $6,700 per month. Aditya emphasized the importance of maintaining a full-time focus on the product to ensure its success and expressed concerns about splitting his time between other jobs if he were to invest his remaining funds.
Mr. Majid, who is interested in the AI sector and sees potential for Sachiv in Abu Dhabi, mentioned the importance of finalizing terms before introducing the product to organizations. He acknowledged the growing interest in AI in the region and suggested that the partnership could be beneficial. However, he also stressed the need for a clear agreement to ensure that both parties are fully committed to the product's success.
The conversation ended with Mr. Majid agreeing to analyze the situation and return with his thoughts and a potential offer. Aditya expressed his appreciation for the opportunity and reiterated his commitment to making Sachiv a reality.
"
bad92662-7853-413b-8238-3c0cdcb80553,"During the meeting, the team delved into a variety of technical, strategic, and operational updates related to the ongoing development and deployment of their AI-driven project. The conversation started with a detailed discussion about the challenges encountered while attempting to create a webhook in Google Cloud to receive calendar updates. The primary issue revolved around authentication problems, as the webhook required proper authorization to function correctly. Several potential solutions were considered, such as using alternative endpoints on App Engine or Cloud Run, and exploring the possibility of configuring permissions to allow unauthenticated access where appropriate. The team acknowledged the complexities involved in maintaining secure yet functional integrations, emphasizing the need to balance ease of use with security concerns.

As the discussion progressed, the team shared updates on other aspects of the project, including the resolution of issues with the meeting bot, which had previously been leaving meetings randomly. They also reviewed the progress made in developing UI templates for displaying meeting history, which are now linked to Firestore. The team explored the idea of transitioning from Firestore to a vector database for storing transcripts and other data, considering the advantages of more advanced data handling capabilities. This led to a broader conversation about the overall architecture and the best practices for managing data migration, ensuring that the system remains robust and scalable as new features are introduced.

Pooneh, one of the team members, provided insights into his first week on the project, sharing his observations on the importance of maintaining a clean codebase, especially as the project moves closer to a potential launch. He discussed the strategy of rapidly developing and testing small features to determine their effectiveness, which would allow the team to iterate quickly and focus on what works best. This approach aligns with the broader goal of creating a polished, user-friendly product that stands out in a competitive market.

The conversation then shifted to strategic considerations, particularly in relation to networking with venture capitalists (VCs) and the importance of building genuine, long-term relationships rather than just seeking immediate funding. Pooneh highlighted the effectiveness of attending in-person events and meetings, where the opportunity to engage directly with potential investors can lead to more meaningful connections. The team discussed upcoming travel plans and the possibility of attending VC events together, recognizing the value of presenting their project in a personal, impactful way.

Additionally, the team reflected on the significance of understanding the competitive landscape, specifically mentioning the app ""Read"" as a case study of a feature-rich product in their market space. They agreed on the importance of being aware of what competitors offer while also identifying unique features that could differentiate their own product. This strategic awareness would help the team refine their approach, ensuring they are not only competitive but also innovative in their offerings.

Finally, the team expressed enthusiasm about bringing new members on board, particularly Derek, who would soon be integrated into the team. They discussed the best ways to onboard him, such as providing a concise project overview and setting clear initial tasks to get him up to speed quickly. The meeting concluded with a reaffirmation of the team's commitment to the project, a shared excitement about the progress being made, and a collective focus on the next steps required to bring their vision to fruition.
"
f9c5e4d7-e4e8-411f-9b42-404c6960f006,"The meeting began with the team addressing several key topics and challenges related to their ongoing project. Rajesh initiated the discussion by asking for updates on their progress, specifically mentioning the need for clarity on the technical roadmap and the team's capabilities. The conversation quickly turned to the recruitment process, where the team highlighted the overwhelming response they received after posting a role, resulting in a difficult selection process due to the high caliber of candidates. Rajesh expressed satisfaction with the problem, noting that it’s a good challenge to have.

The team then provided an update on their current progress, emphasizing that while their product can join Google Meets and generate structured JSON objects, it has yet to be connected to any APIs, which would take an estimated two to three weeks to accomplish. They also discussed the need to ensure that any new integrations, such as with Jira, are robust to avoid issues like task duplication and quality management problems, which would negatively impact user experience.

Rishit, a member of the tech team, shared insights on the current state of the technology, reassuring Rajesh that while integrating with tools like Jira or other project management systems would only take a few days, the team is focused on enhancing the overall user experience by adding checks and balances within the MVP roadmap. These features are aimed at verifying actions and providing a more reliable user experience, which would help ensure that the product delivers consistent value.

Rajesh then outlined his vision for the future, discussing his broader strategy of deploying AI agents across various industries, including banking and finance. He emphasized the potential of AI to revolutionize project management by initially serving as assistants to human managers and eventually taking on full project management roles. Rajesh was particularly interested in integrating the team's agent into his existing ecosystem, noting that the ability to follow up on tasks, send reminders, and automate routine management tasks would be a game-changer.

The discussion then shifted towards the technical specifics of the product. Rajesh described a rudimentary RPA process his team had built, which automates meeting scheduling, attendance tracking, and summarization through a combination of tools like Twilio and UiPath. While acknowledging that these processes are not yet fully productized, Rajesh expressed confidence that with the team's help, they could be refined and expanded.

The team responded by acknowledging the potential of integrating their agent with the existing systems Rajesh described. They agreed that while the initial focus would be on project management tasks, the architecture could be expanded to include more complex workflows in the future. The team also noted that deploying the product on-premises for Rajesh’s organization would be more straightforward, allowing for immediate testing and customization.

Rajesh emphasized the importance of building a well-trained project manager agent, noting that it would be a key differentiator in the market. He also mentioned the possibility of utilizing the team’s design resources to help create a dashboard for the product, which would control various aspects of the agent’s functionality, such as meeting participation and action item tracking.

The conversation concluded with a summary of the next steps. Rajesh and the team agreed to share the necessary resources, including access to calendars and OneDrive, to begin integrating the agent into Rajesh’s ecosystem. They also planned a follow-up meeting to discuss the design of the dashboard and other technical requirements.

After the meeting with Rajesh, the team regrouped internally. The focus was on the importance of delivering the calendar sync feature, which had become a critical component of their roadmap. The team acknowledged the challenges they faced, especially with the ongoing open-source deployment efforts, and emphasized the need to maintain momentum in order to meet their goals. The meeting ended with a clear sense of urgency and a commitment to pushing forward with the development work, recognizing the importance of these foundational elements to their overall success.
"
f0327d39-77f4-476a-a854-8db2b5969f6d,"The team meeting began with a few technical issues as Rishabh and others attempted to establish a stable connection. Once the call was stable, they dove into discussions regarding the NVIDIA startup program. The program was recognized as a standard offering, and the team debated the specifics of their application, particularly the need to establish the Dubai entity to align their corporate structure before fully committing to the program. The conversation highlighted the complexity of managing the dual roles of CEO and CTO, emphasizing the need to bring in additional support to handle these responsibilities effectively.

The discussion then shifted to the technical challenges and current progress on their platform. The team noticed that some expected outputs from OpenAI were not being received as anticipated, which prompted a review of their setup. There was a focus on improving the AI layer to ensure it works more reliably, particularly in processing meeting tasks and summarizations. The team acknowledged the importance of encrypting data, especially given the varying levels of sensitivity in different meetings, and discussed the need for a mechanism to mark meetings as safe or not safe for training purposes.

They also touched on the logistics of setting up cloud infrastructure, with Rishabh sharing insights on the different AWS instance types they were using. The team debated the benefits of using more powerful instances like the Inf2.24xlarge for larger models like Llama 70B, balancing the need for accuracy with the associated costs.

As the meeting progressed, the team explored the intricacies of context management within their AI system. They acknowledged that while their current context management was rudimentary, it was a crucial area that would evolve significantly as their product developed. They discussed the challenges of handling context in real-time meetings and the need to refine their methods for managing data, especially as the system grows more complex.

Towards the end of the meeting, the team reviewed the pull requests, focusing on improving the handling of environment variables and ensuring the logic for determining server URLs was robust across different environments. They planned a demo to showcase their progress but recognized the need for further refinement to ensure the demo accurately reflected the product's capabilities.

The meeting concluded with an emphasis on setting up a secure API, managing authentication, and preparing for future customer interactions. The team acknowledged the significant workload ahead but remained focused on building a solid foundation for their product's launch. They agreed to continue refining their approach, ensuring that their technology was ready to support the growing demands of their project.
"