recording_id,summary
9b658e90-8bcd-489b-8cad-d16bfcfc908d,"The text seems to be a conversation discussing a potential role for the speaker within a start-up company. They discuss different responsibilities, including helping to land investments, negotiating timelines with stakeholders, understanding the value of company features, and learning about the industry. The speaker expresses a need for more information on the product they could potentially be working on. There's also a discussion about dealing with a CFO's extensive questionnaire and cost-accounting within the enterprise. The speaker also mentions they could benefit from being more involved in the finance side and assist with onboarding. Other roles mentioned include representing the company to investors and clients, and engaging in activities related to PR and communication. The speaker further expresses their interest in working on the design side of the project, exploring AI, and managing technical infrastructure costs. The individual is discussing a possible involvement in a startup, expressing their interest in AI, finance, and speaking with investors. They have some previous exposure with VCs and have been involved with other startups. There's a discussion about potential tasks, including improving investor pitch decks and working on financial projections. There's mention of working with the CFO, who's new to the startup. The individual also expresses an eagerness to learn, and acknowledges this can mean needing more time to ensure they're fully understanding and performing tasks correctly. The startup is seeking its first design partners and clients, and there's mention of opportunities for the individual to help with lead generation. There's discussion about possible involvement with product design as well. The individual seems enthusiastic and willing to commit to different tasks and learning experiences within the startup. There's mention of meetings and call schedules, and the startup encourages them to take their time with the tasks and not rush. The speaker is reflecting on the decision to leave Big Tech to start their own business, emphasizing the importance of utilizing time wisely. They mention a pitch deck they are working on which includes essential numbers and planning for their business. A CFO is also involved who is preparing a comprehensive questionnaire to represent the startup to investors and can bring valuable connections in the VC world. However, the CFO lacks knowledge on some aspects of the business and tech side, which the speaker believes can be supplemented by the addressee for more effective collaboration. The speaker indicates plans to meet VCs and mentions an upcoming flight to New York. Additionally, the speaker plans on clarifying IP jurisdiction considerations and other business details in partnership with the CFO, a former chartered accountant, now successful VC based in Gurgaon who has international clients."
febc3387-bb94-41d1-bed0-0abd1403da0e,"The text discusses the experiences of a person with their start-up company, including the struggles and triumphs they encountered. The person has developed a prototype product, which they launched in CMU, and have certain expectations about its future. They discuss their experiences at Google and their current role at another company, indicating that their job role might soon become obsolete. They are considering applying to the YC (Y Combinator) program, but have reservations about whether the timing and decision are right. They also hint at the need for a strong technical team to help the company grow, and their interest in bringing in investors. The person mentions numerous meetings and long working hours and expresses concern about balancing work, decision-making, and company valuation. They also share about their relationship with a co-founder, who did not live up to their expectations, leading to the decision to keep a clean cap table moving forward. The text ends with a discussion about the potential future direction of the company and its product, recognizing the competitiveness of the space they're in, but remaining optimistic about potential success. The text appears to be a long, freeform conversation about a startup's journey. Some key points include contemplating whether to get acquired, planning on enhancing product management capabilities, exploring market potential and competition, dealing with different experiences of startup management, and considerations about investment and eventual scaling. The conversation also mentions trying to map out potential acceleration in the tech world, talks about program management work, hinting at implementing AI in project management, success in tests/product trials, and upcoming major decisions for the company's growth. There is also talk of the significance of co-founders, the importance of stakeholder meetings and the high pace and inherent challenges of startup life. The conversation revolves around a potential business partnership, with discussions focused on program management, tech management, business development, and venture capital. The speaker has been connecting with potential partners and contemplating joining or applying for incubator programs like YC (Y Combinator) and Antler. They're also discussing their business model, considering whether it fits a co-founder profile or a tech advisor/manager role better. They mention they're not looking at others as competitors, but rather as surfaces. They've been working with a tech provider costing about $500 per month, on top of some accounting fees. They also discuss the challenges of sorting through noise and coordinating overheads, indicating 85% of their work involves making sense out of confusion. Lastly, they're also considering the possibilities of establishing their company in the UAE for tax benefits and other advantages. The text appears to be a disjointed conversation discussing various topics including visa status, potential investment opportunities, organizational structures, and software projects, and tools such as Artificial Intelligence. The speaker seems to be in discussion about a project they are involved in, possibly as a manager or founder, and are considering applying for YC (Y Combinator) funding. They mention their plans and approaches with potential co-founders and partners. They also touch upon their current employment and plans to quit and dedicate fully to their startup. They mention some feedback and expectations from their clients and investors. The text also discusses product features of their chat bot project, marketing strategies, equity split and recruitment of a CTO. There's also a mention of a meeting schedule and talk about regulation compliance and company structure. The speaker is discussing aspects of management, finances, market dynamics, and future planning for a business with possible AI products. Confusion over certain job roles and their weekly workload are raised, such as for AI software engineers. The speaker mentions its intention to focus on enterprise sales and deliver value within that market. They discuss the possibility of product management but acknowledge its challenges, especially for a solo founder. They also address the potential of gaining certain grants and entering applications such as for YC or Innovate UK. Despite concerns, the speaker feels quite secure with their current co-founder arrangement. They mention some tech-related tasks which are yet to be completed and the need for some initial funding. They also touch upon the corporate player's potential to make changes in society and the business world. Lastly, they note the amount of time it could take to complete certain applications based on their own experience."
a7fe10ea-ef3c-40ec-a8a2-e4107c49d65f,"The text highlights discussions around a product development process and growing business concerns. It talks about the product being more focused on the first stage, with ideas for improvement and possible iterations like burn down tracking escalation. Discussions also include investor relations, with the importance of careful consultation and relationship building raised. Additional themes include budgeting, with mentions of a one to two million budget for AI development, financial needs and the cost of documents. 

The text also touches on product competitiveness and the necessity for differentiation, considering the high competition in the field. It refers to coding, deployment and database management frequently, further emphasizing AI and cloud computing. The execution and usage of a pitch deck in business development are discussed, along with raising funding. Mention is made of key customers being in the financial industry and data collection being a valuable enterprise. 

There's a proposal for a shift in the business model, embedding AI within project management. Discussions also revolve around creating a timeline for the business growth, setting milestones, and reaching out to investors to secure funding. There's talk of refining the company's pitch deck and repositioning the company's product in the market. The benefits of partnering with other organizations are mentioned. The importance of adherence to legal compliance standards, specifically HIPAA in the US, is stressed, along with the need to address administrative hurdles and delays. The text is a long and somewhat disjointed conversation regarding a startup, possibly relating to a finance or tech product. Topics discussed include investor outreach, potential fundraising goals of one to two million dollars, product development strategies like emotion detection and integrating with popular applications like Jira, and assessing market trends. There are also discussions about internal scheduling, launching a product and the need for a clear company direction. Further issues include administrative tasks, company compliance and important considerations of equity dilution in fundraising. Some parts of the conversation seem to be discussing a possible shift in product focus or strategy, mention of team members based in India and the US, and a potential need for expertise in finance. The speaker discusses the concept of creating a sense of fear of missing out (FOMO) among investors to successfully raise funds. This can be achieved not by contacting a handful of investors, but by reaching out to hundreds. A method of operation is hinted at involving interaction through a chat interface. The speaker also mentions developing a product that isn't launched yet and considers an investment goal of around $200k. The product is compared to existing technologies like Spinach.IO or Read AI, indicating it operates in a similar field. It is highlighted that current technology isn't perfect, suggesting room for improvement or innovation in their project. There is mention of constant improvement and review at various stages and comparison of functionalities."
aa3c8df4-a868-4785-ac4e-6681cff60a21,"The speaker discusses their experiences in business, highlighting the struggles of managing transaction fees and salaries. They acknowledge the varied intricacies of project management and the importance of understanding client needs. They mention issues of international business, referring to challenges in Japan and the importance of financial institutions in the US. They touch on how technology has evolved in the business world, such as meeting transcription tools and AI. They reflect on their time at Google, suggesting they've learned to solve complex problems. They also mention working on various projects, including software development, telecommunication services and business administrative roles, through different approaches. They briefly discuss the importance of having certifications and express their desire to find clients willing to pay for their services. They conclude by recognizing the challenges of being a solo founder in AI companies and their success in downsizing a large team by redeploying them, increasing efficiency. The text discusses a meeting related to a company called Nowbrex, which tracks meeting proceedings and overviews. Their product solution pre-populates an agenda and then monitors the progress and outcomes of the meeting. They are aiming to create a holistic view of all the meetings occurring in an organization. This technology seems to involve real-time or near real-time speech-to-text conversion and detailed transcription services. There is mention of recurring challenges such as acquiring funding and the need to maintain product quality. The meeting also includes discussions on small and large business strategies, models, and relevant operations, for example, mention of transitioning from Minimum Viable Product (MVP) to Minimum Marketable Product (MMB). Other ideas discussed include the adoption of Google Meet APIs, sales methodologies, and the platform's integration capacity with tools like Asana and Jira. There are also some personal anecdotes and reflections on work-life balance. The text appears to be a stream of consciousness, touching on different aspects of product management, tech industry, investing, product development, and AI services. The person talks about the competitive nature of AI space, the process of pitching to investors, and the importance of understanding customer needs. They also mention the value of a good product manager and the energy it takes to build a business product. The text discusses the idea of converting transcribed data from AI services into a structured format for a cost. They note the potential in project management software development and the importance of collaboration within a team, especially in an enterprise context. Reference is also made to models, architecture design, and training in tech system. They point out the financial challenges of building a product and seeking investors' support, and the cost of cloud services. Mention is made about specific companies as examples of success stories. Towards the end, the individual states they might have been a bit early in seeking investors and perhaps not yet ready for the product-launch phase. The text seems to come from someone who has extensive knowledge in tech and product development, dealing with the ins and outs of setting up a tech-based business. The speaker discusses various issues related to AI technology, business models, and acquiring clients for a startup. They discuss understanding potential customers' language and maintaining high customer relations while managing language nuances. They mention the criticality of acquiring customers for businesses to build trust and validate their offerings, discussing different models and identifying superior ones. They also emphasize the challenge of ensuring their AI-based offerings make sense and offer value at a lower price point by providing automation across organizations.

The speaker also acknowledges challenges such as risk management, market capture, data privacy, and aligning with ISO 27000 certification standards. They consider offering a share of the revenue and express doubt about one company capturing the entire market. Additionally, they discuss the potential of AI and the product value it can unlock.

Discussing the issues of startup funding, they share their disagreement with entrusting full-time pitching to investors. They also contemplate scenarios of outsourcing to vendors and tackling different languages using AI technology. They highlight the need for project managers in facilitating meetings and retrieving necessary information.

In the context of education, the speaker suggests bringing downsizing costs in A-level education by fivefold. Lastly, they reflect on their experiences with learning and working in London and their aspiration to travel to Japan. They conclude by reflecting on the importance of demonstrating revenue and attracting investments in business. The text relates the speaker's views and experiences in product development and market positioning. They discuss the importance of finding product-market fit, likening it to being in love. They talk about their software engineering and project management market, which they believe has huge potential. They mention their strength in machine learning tasks that handle rich data, indicating an ongoing project within a large-scale market. The conversation touches on various commitments and interactions with other entities, like the managing director of Micromax, OpenAI, and AI Councilor of Abu Dhabi, suggesting numerous collaborations and negotiations. They hint at the development and potential of their product, emphasizing its substantiality, and mentioning their work on pipelines to ingest data, reflecting on the extensive process towards actualizing their product for the larger market. The author discusses a variety of topics, mainly relating to their ongoing projects, personal attributes, and plans for the future. They speak about their contribution towards bringing a product to the point of majority and their focus on a particular niche. They tell about the discussions they've had in the entrepreneur realm and talk about their work on Zoom's developer forums. Further, they're planning to get good at mood detection and are interested in private equity work. Additionally, they think it's possible to train a project manager in three to six months and are contemplating the practical applications of artificial intelligence in different industries. They are also aiming to serve a specific group of users and believes it may take up to a year to develop a solid product. They also discuss the scenario where machines shrink in their financial back office, the challenges of conducting business, and much more. They also point out that attaining customers isn't the hardest part, but expanding the enterprise is the more reverberating task. The author ends by expressing their intention in bringing their product to life while noting that several issues still need to be addressed."
dbfe2a55-0a46-4536-8fbe-14fe4f5e6777,"The text appears to be a fragmented conversation about a project, planning further steps, discussing candidates for a position, and assessing the potential to raise funding from investors. The team talks about a planned move to California and Austin, sharing responsibilities, an issue with someone named Michael and a meeting with Daniel. They discuss an experiment to be conducted and the possible fluctuations in results. One member of the team is an engineer facing internet connectivity issues. They discuss gathering statistics and working on a core product. They contemplate their efficiency and capabilities in relation to their work and how improvement might be achieved. Discussion also extends to an individual's plans to travel to the U.S., potentially impacting project timelines. The team also ponders technical issues like using Docker for deployment and potential risks involved with certain candidates. They touch on management experience, AI experiments and strategies. Also, the team discusses involvement with YC (Y Combinator), suggesting it is not a guarantee for success, highlighting the importance of the team above the investment. The new approach being followed involves transforming the process into an assignment for all the selected candidates."
5a9b192a-cd2f-433c-8ad0-ba50ccb6346a,"The speaker proposes a tech tool utilizing AI for managing meetings and related tasks. The tool has abilities such as creating meeting notes and setting up transcripts. The aim is to ease the administrative workload associated with managing multiple meetings and tasks. The speaker also highlights the potential of deploying this technology in India where there is incredible talent. Regardless of possible competition from larger enterprises, the speaker believes their product has distinct offerings, such as sensitive to privacy and ability to be configured for individual businesses. Obstacles include limited time for development due to also being a solo founder and the expenses associated with implementing robust security measures. Despite these, the speaker considers the tool a worthy business-to-business (B2B) investment due to its cost-efficiency and the potential for sizable returns in enterprise markets. The text discusses a business idea involving a technical product. The speaker expresses concerns about the business model and the challenge of establishing the necessary infrastructure. However, they believe they have a strong product and potential in the Indian market, despite being the only full-time employee. The product integrates with Google Meets, but can also be optimized to support Zoom, Slack and MS Teams. It experiences a challenge in being ISO 27001 compliant which it needs to work with major clients. The speaker still believes in the product's potential as a great pitch for Project Line Managers (PLMs) and is considering collaborations with existing established players. The speaker concludes by expressing interest in further discussions about potential industry strategies with senior figures in the sector. They also admit that while going solo was challenging, the experience was rewarding and offered valuable insights."
0841b18e-fd73-4c67-8947-04ec1bb3f5d1,"The speaker is discussing the current financial situation of an early-stage startup. The company is dealing with financial strain with a burn rate of around 6700 and seeking investment. The speaker is contemplating an investment of $5,000 to $10,000, but is concerned about liquidity. They have had discussions with Dr. Rishabh about an arrangement, potentially offering up to 4% materializing on investment. The speaker is also working on finalizing details before approaching other possible investors. The company has an intern team, working for experience rather than payment. The speaker also mentions maintaining a good relationship with clients and investors, aiming to close the gap between the company and its customers. They reveal potential introductions to other organizations and suggest that the company hasn't conducted any fundraising yet. Lastly, they are awaiting a response to their proposed investment deal and hope the startup will succeed even under the current conditions."
bad92662-7853-413b-8238-3c0cdcb80553,"The text appears to be a conversation discussing various aspects related to a development project. They have discussed adding new members, Derek and Poonam, to the development team. Concepts like Webhooks in Google Cloud and refreshing tokens were discussed, with some challenges related to updating the recall calendar and maintaining authentication highlighted. They also mentioned wanting to monitor their competitor, Read AI, and examining their feature-rich software for potential ideas. The discussion revolves around their plans to improve the project and the steps needed to achieve this, like assigning projects and creating a release process. They also discussed possible times to meet in real time, mentioning a potential trip to the US. Another aspect mentioned is an interest in VC events, potentially to seek further investment or network with industry professionals. The text discusses the team's plan to save data in Cast, potentially moving away from Firestore. There is mention of creating a call flow diagram and issues with access tokens and refreshing. The team is working with different cloud functions and there is mention of a calendar and product updates that need to be made. They discuss UI templates for meeting history linked to Firestore and a potential issue with running a function to update calendars. There is also discussion around how the platform could be adapted for user simplicity, drawing comparison to the success of platforms like TikTok. Authentication issues on Google Cloud or AWS are addressed. Alternatives to cloud functions were discussed, like using another endpoint. The possibility of taking a more relationship building approach with VCs rather than requesting funding directly was also mentioned. The conversation concludes with mention of a proposed app and potential project timings."
f9c5e4d7-e4e8-411f-9b42-404c6960f006,"The text discusses a vision to integrate an AI assistant with financial APIs to expedite processes. Future planning includes using AI models and collaborating with the likes of Google Meet and OneDrive to automate tasks and improve productivity. There is an emphasis on adopting automation and maximizing the power of RPA bots and AI agents to perform specific tasks and processes to save time and improve efficiency, such as attending meetings, compiling and analyzing data, managing projects and tasks, initiating follow-ups, and more. The aim seems to be in using this technology to replace tasks traditionally done by project or program managers. Development is underway and plans continue to expand the capabilities of these automated systems. The text also mentions the potential to integrate with various software like Microsoft Teams, Zoom, MS Teams, etc. They plan to outsource parts of the development process to agencies in India and Romania as well.
 The text discusses the development of an MVP (Minimum Viable Product) which appears to be a bot capable of participating in and summarizing meetings. The bot will have functions such as tracking attendees, call durations and being able to relay notes from past meetings via an integrated dashboard interface. The speaker mentions its ability to integrate with MS Teams or Google Meets, although it may initially make mistakes due to the AI and machine learning components. This project seems to be part of a larger effort to introduce AI agents into various roles within the industry. There is also a note on requiring machine learning expertise and the fact that it might take around two to three weeks to build the integration. The speaker also mentions fundraising to afford agency fees to continue their work. Future plans include a B2C application development, though this has a roadmap of at least three months."
f0327d39-77f4-476a-a854-8db2b5969f6d,"The discussion involved a group working on an unnamed project. They discussed issues related to APIs, context management, and workload balancing. It was suggested that access to Asana was needed and the use of a character API mentioned. Certain ""boxes"" were referenced, possibly indicating a user interface, and potential difficulties with simulating calls from a single server were acknowledged. Issues of authentication were also mentioned. Topics also covered were task notifications, handling of meeting summaries, the importance of contextual information from calendars, and preparing for meetings. Other discussions involved the usage of AI, potential cooperation with China, the accuracy of the Lama 7tb, and video recording amendments in the project. The importance of context, possible integration with past meetings, and a design flaw requiring a full redesign were also examined. In addition, enlisting additional assistance, potential for a notarization contract, management of a to-do list, and communication issues were broached. Recommendations to simplify and improve their code, as well as increase the productivity of meetings, were given. Other points discussed included: coordinating with a US automation company, shifting responsibilities within the team, querying data retrieval, finalizing corporate structures, managing live meeting video time, dealing with artifacts, addressing system transaction errors, managing client/server relationships, maintaining context on client-side apps, and optimizing cost-efficiency. At the end, they covered finding improvements via training data, keeping user expectations in check, safe recording practices, standardizing data governance for protection, and potential future improvements, foreseeing how evolving project needs will invariably lead to different functionalities in the program. The group appears to be discussing a technical project involving solving fun problems, handling context windows, managing a bottleneck, understanding article lengths, coding, server setup, client-side details, potential test setups and discussions on team growth. They discuss details about a product, aspects of an API, considerations for security and encryption, and understanding customer and business needs. They're also considering venture capital, investor timelines, customer depth, and other business model considerations. There's a focus on data management, task handling, labeling tasks, and potential for further growth and application. Issues with OpenAI not offering webhooks and the challenges of information pulling and response times are mentioned as well. Concerns about possible spam and unauthenticated access are shared, highlighting the importance of security in their work. There's a focus on server management, and a tool called Neuron is mentioned frequently. The language suggests coding and product development work, with references to specific methods, language and toolkits and server instances."
